,exp_no,a_type_id,a_type,img_no,seg_type,mask_type,target_segs,segs,use_stratification,epochs,num_samples,sig_factor,sigma,score_function,cv_beta,heat_max,beta_max,threshold_lm,IoU_lm_max,IoU_lm_mean,IoU_lm_std,IoU_sp_max,IoU_sp_mean,IoU_sp_std,threshold_sp,anomaly_score,anomaly_score_val,AM_roc_score,auroc,auroc_gs1,auroc_gs2,LIME_roc_abs
0,1,0,crack,0,quickshift,blend_2,100,100,False,30000,50,3,2.0777968534410474,lm_p_loss,1.323370402551928,8.476981,8.476980812421719,4.3006806,0.4482490272373541,0.14439511708579816,0.08135171044895426,0.6506794564348521,0.20904460501952857,0.18543114617586232,0.02234573136471833,0.55211693,173.42245,0.9493505629172637,0.8860334134670017,0.9055463592899677,0.9152684909895483,0.8911180415454159
1,2,0,crack,1,quickshift,blend_2,100,100,False,30000,50,3,1.460606829056965,lm_p_loss,1.1708012482786443,7.0853505,7.085350713892093,2.3386407,0.2531760435571688,0.12190694265557787,0.04881752931162163,0.36243386243386244,0.1752197490309731,0.1102569052474985,0.012169641044844562,0.52249545,132.81117,0.9152695432503877,0.8388404774986088,0.8669849516946858,0.8843053828149605,0.8392587026040896
2,3,0,crack,2,quickshift,blend_2,100,100,False,30000,50,3,0.5810887685310914,lm_p_loss,1.0385793558576362,2.1116774,2.1116774613276847,1.2518584,0.036178433438707414,0.019625511566174873,0.005620363358207043,0.03672787979966611,0.01630417135222094,0.00765903728082044,0.003482893439165006,0.36134163,67.72345,0.9195738138828009,0.6947452860063085,0.7208331394352401,0.723851565239993,0.6918390846345314
