,exp_no,a_type_id,a_type,img_no,seg_type,mask_type,target_segs,segs,use_stratification,epochs,num_samples,sig_factor,sigma,score_function,cv_beta,heat_max,beta_max,threshold_lm,IoU_lm_max,IoU_lm_mean,IoU_lm_std,IoU_sp_max,IoU_sp_mean,IoU_sp_std,threshold_sp,anomaly_score,anomaly_score_val,AM_roc_score,auroc,auroc_gs1,auroc_gs2,LIME_roc_abs
0,1,0,manipulated_front,0,quickshift,blend_2,100,100,False,30000,5000,3,0.46636251158983405,lm_p_loss,1.5431468475574652,2.3145492,2.31454919472282,2.2300832,0.11764705882352941,0.013777614688477203,0.018260153704992003,0.38571428571428573,0.0331056594782493,0.05460609100839585,0.03761573929417258,0.34562302,33.362762,0.9084351888077608,0.9190664963445159,0.9319877254922294,0.9353731139257213,0.9190664963445159
1,2,0,manipulated_front,1,quickshift,blend_2,100,100,False,30000,5000,3,0.46747790568124964,lm_p_loss,1.5567590163596468,2.1391373,2.139137289942988,1.081119,0.02406417112299465,0.005799441014182687,0.003649486812952702,0.3670886075949367,0.0353287026304564,0.06623292099300589,0.016441154696318943,0.38504577,31.697142,0.8336792032936464,0.8403833314788027,0.8806345276510515,0.878986313564037,0.8343746522755091
2,3,0,manipulated_front,2,quickshift,blend_2,100,100,False,30000,5000,3,0.37367144342736947,lm_p_loss,1.4516441583194677,2.6940103,2.6940102420071295,2.6940103,0.06521739130434782,0.0069117776434085175,0.008120661834291176,0.2777777777777778,0.01718112256993183,0.03785083120068646,0.01933658971878079,0.3531178,29.259853,0.7139552839681305,0.9341039516301033,0.9592833795439779,0.9697456678554127,0.9341039516301033
