,exp_no,a_type_id,a_type,img_no,seg_type,mask_type,target_segs,segs,use_stratification,epochs,num_samples,sig_factor,sigma,score_function,cv_beta,heat_max,beta_max,threshold_lm,IoU_lm_max,IoU_lm_mean,IoU_lm_std,IoU_sp_max,IoU_sp_mean,IoU_sp_std,threshold_sp,anomaly_score,anomaly_score_val,AM_roc_score,auroc,auroc_gs1,auroc_gs2,LIME_roc_abs
0,1,0,good,0,quickshift,blend_2,100,100,False,30000,50,3,0.16126183883156262,lm_p_loss,0.9369787620633108,0.7678726,0.7678725675418487,0.7678726,0.0,0.0,0.0,0.0,0.0,0.0,0.0011808244429024246,0.27246168,19.898445,0.0,0.0,0.0,0.0,0.0
1,2,0,good,0,quickshift,blend_3,100,100,False,30000,50,3,0.17010392775099326,lm_p_loss,0.9903804104940024,0.63354903,0.6335490269881232,0.63354903,0.0,0.0,0.0,0.0,0.0,0.0,0.0011808244429024246,0.27246168,19.898445,0.0,0.0,0.0,0.0,0.0
2,3,0,good,1,quickshift,blend_2,100,100,False,30000,50,3,0.13756991464692003,lm_p_loss,0.8232587737427525,0.6403609,0.6403609039979185,0.6403609,0.0,0.0,0.0,0.0,0.0,0.0,0.0008351424524638181,0.28732735,20.916147,0.0,0.0,0.0,0.0,0.0
3,4,0,good,1,quickshift,blend_3,100,100,False,30000,50,3,0.14573466251489808,lm_p_loss,0.8903102702519119,0.5794709,0.579470854081652,0.5794709,0.0,0.0,0.0,0.0,0.0,0.0,0.0008351424524638181,0.28732735,20.916147,0.0,0.0,0.0,0.0,0.0
4,5,0,good,2,quickshift,blend_2,100,100,False,30000,50,3,0.1452204921454463,lm_p_loss,0.7921323500370612,0.7715874,0.7715873722264351,0.7715874,0.0,0.0,0.0,0.0,0.0,0.0,0.0010076448767601203,0.44098556,22.11177,0.0,0.0,0.0,0.0,0.0
